<?xml version="1.0" encoding="UTF-8" standalone="yes"?>
<addon id="KeltecMP.repository" name="[B][COLOR gold]Repositorio[/COLOR]: [COLOR blue]KelTecMP[/COLOR] [COLOR red]IPTV[/COLOR][/B]" version="0.0.7" provider-name="Team Ezequiel KelTec">
	<extension point="xbmc.addon.repository" name="KelTecMP IPTV Repo">
		<info compressed="false">https://raw.githubusercontent.com/Jhonny-lima/Reposit-rio-KelTec-MP/master/addons.xml</info>
		<checksum>https://raw.githubusercontent.com/Jhonny-lima/Reposit-rio-KelTec-MP/master/addons.xml.md5</checksum>
		<datadir zip="true">https://raw.githubusercontent.com/Jhonny-lima/Reposit-rio-KelTec-MP/master/Plugins</datadir>
	</extension>
	<extension point="xbmc.addon.metadata">
		<summary>Repositorio Oficial KelTecMP IPTV</summary>
		<description>Repositorio Oficial KelTecMP IPTV - Proibido reproducao //Grupo Facebook KeltecMP IPTV https://www.facebook.com/groups/KELTEC.MP/</description>
		<platform>all</platform>
	</extension>
</addon>